,address
0,0xab5fd091c56a9b801e945a902e986e894e4f407d
1,0x33bcccb20da8d1f1c95ec723111ba7ca8a70ebf1
2,0x2092b75719ec6f1dfe3f0d8c73239ad0297522be
3,0x5770c6e6650324a6d8a041bdb6385014c7131a64
4,0x2dfc601db0c0b5eefc302249acdf936dce83cfb3
5,0x5b5039be7a3a8b779d21908f1000e221f3574fa5
6,0xec4208e6786bb63b3a204590a477585dc8152b4b
7,0x2dc5c356b58b4cbb03c8aa0a89eff7cd5adc93c3
8,0x3267f1b9e8e30c0b39bcfe82b05c7e5bed3efc61
9,0x0c656b87191609f7474c9924e87f3987662e8cc6
10,0xaf6a0f3527528a8ca052784f4fee565c3288cd71
11,0x6f7fa569bc1f33c64439659ce8d5af83bdc16dd2
12,0x002f0c8119c16d310342d869ca8bf6ace34d9c39
13,0xab54dec52069b412540799eeb1b861b1deaa3004
14,0x45c3ef2bc2719586cd92766b3895868d3ee9ef92
