,TxHash,BlockHeight,TimeStamp,From,To,Value,ContractAddress,Input,isError
0,0x4758c9b98f2aa66697eb36b9627e12b4fe0be18d45a3173945b87a89496bcf46,5814477,1529377814,0x2092b75719ec6f1dfe3f0d8c73239ad0297522be,0xe892875b87b94c44edf0e91ee9f49d0525fadd83,1.890000000000000000,NULL,0x,0
1,0xd5626af157bc3236ea5cba0a6d1934aadb7eed3fc88230bdb164b3ea08498b6a,5814498,1529378160,0xe892875b87b94c44edf0e91ee9f49d0525fadd83,0xab54dec52069b412540799eeb1b861b1deaa3004,1.860000000000000000,NULL,0x,0
2,0x8fc01760a6d8017ba258b9fcb1035c1b8a0aca4cd2e705ebfcf39a30528a9cbe,5829969,1529607362,0x33bcccb20da8d1f1c95ec723111ba7ca8a70ebf1,0xe892875b87b94c44edf0e91ee9f49d0525fadd83,2.638193200000000000,NULL,0x,0
3,0xa1a0b9456a8b0902ae6ec7c13bd51a4bf61e22e6b84b1cb9901c768cbb02c4a6,5837810,1529724150,0x45c3ef2bc2719586cd92766b3895868d3ee9ef92,0xe892875b87b94c44edf0e91ee9f49d0525fadd83,4.384641000000000000,NULL,0x,0
4,0x716ae3961b50186a0bbc272cfcc4555662f7fe33550fd473909c3c3c2f8846d4,5848716,1529883192,0x002f0c8119c16d310342d869ca8bf6ace34d9c39,0xe892875b87b94c44edf0e91ee9f49d0525fadd83,0.500390000000000000,NULL,0x,0
5,0x7f8086011a32f128dba57fe06fc5f4a181d2f5401e5a5427505ba68a52b2214f,5849437,1529893144,0x002f0c8119c16d310342d869ca8bf6ace34d9c39,0xe892875b87b94c44edf0e91ee9f49d0525fadd83,0.817506000000000000,NULL,0x,0
6,0x01a577df2878b67ac02e0ebcb3708d701de379be45ce042318de175eba07e11e,5944915,1531315095,0xec4208e6786bb63b3a204590a477585dc8152b4b,0xe892875b87b94c44edf0e91ee9f49d0525fadd83,2.090215370000000000,NULL,0x,0
7,0xdc0d17b37faf1e0d19ef9a7d3ce78028016eb9c7d4b79ee1371f9d1ac564bf9e,5944941,1531315476,0xab5fd091c56a9b801e945a902e986e894e4f407d,0xe892875b87b94c44edf0e91ee9f49d0525fadd83,9.206806307000000000,NULL,0x,0
8,0x5a006a7106883f55a80f359e07151a06e35e27d54f97cd27e9c80300b74f318a,6227557,1535441070,0x2dfc601db0c0b5eefc302249acdf936dce83cfb3,0xe892875b87b94c44edf0e91ee9f49d0525fadd83,23.537776000000000000,NULL,0x,0
9,0x094975210d2c2548f6f9e374253be94337d751877b9bd7c16a5af006427219ef,6227600,1535441730,0x5b5039be7a3a8b779d21908f1000e221f3574fa5,0xe892875b87b94c44edf0e91ee9f49d0525fadd83,7.475742704100000000,NULL,0x,0
10,0xfe79399d7da7c61df95425dcc163953e400d88c48fe5fd3145f50f562a0cd160,11685749,1611059405,0xe892875b87b94c44edf0e91ee9f49d0525fadd83,0xaf6a0f3527528a8ca052784f4fee565c3288cd71,50.677595581100000000,NULL,0x,0
11,0x436d4047cf118a2c57e8926ade8ceb2a46230a7f2d08f271624a655c0f08cb94,15714651,1665368111,0x0c656b87191609f7474c9924e87f3987662e8cc6,0xe892875b87b94c44edf0e91ee9f49d0525fadd83,0.031395586725205488,NULL,0x,0
12,0x6a6f10de7a6d28246f66ec9fc691701ee9c07be7cc0e41224ee859dbea24e6b0,15714661,1665368231,0xe892875b87b94c44edf0e91ee9f49d0525fadd83,0x06450dee7fd2fb8e39061434babcfc05599a6fb8,0E-18,NULL,0x9ff054df0000000000000000000000000000000000000000000000000000000000000001,0
13,0xa394ef372dde745975044d893335b8fddf3ce72ee3a313f9c48bdc37f77e0ce2,15714698,1665368675,0xe892875b87b94c44edf0e91ee9f49d0525fadd83,0x6f7fa569bc1f33c64439659ce8d5af83bdc16dd2,0.025982871828357414,NULL,0x,0
14,0xa355a38675318c1590b0f852f80770531d2d97447465d99b40aa7d830c9d001d,15721903,1665455567,0x2dc5c356b58b4cbb03c8aa0a89eff7cd5adc93c3,0xe892875b87b94c44edf0e91ee9f49d0525fadd83,0.005000000000000000,NULL,0x,0
15,0x14006407f8187dee159380d98bcf4cff6182a9a261f420897c9faa0a6165848a,15721904,1665455579,0xe892875b87b94c44edf0e91ee9f49d0525fadd83,0x06450dee7fd2fb8e39061434babcfc05599a6fb8,0E-18,NULL,0x52c7f8dc,0
16,0x4a5d98bb4a899928ec46a9b594aba3e3881c3ce0b4dff37088ef0622a3df4b09,15721911,1665455663,0xe892875b87b94c44edf0e91ee9f49d0525fadd83,0x0c656b87191609f7474c9924e87f3987662e8cc6,0.001409031531306318,NULL,0x,0
17,0xdd651765a349ddd9ba7d738b9b7a6c99b390422317f135f31ddc6b7f6634468c,15722580,1665463691,0x3267f1b9e8e30c0b39bcfe82b05c7e5bed3efc61,0xe892875b87b94c44edf0e91ee9f49d0525fadd83,0.001023100108154724,NULL,0x,0
18,0x4e44d0d7214adb720a2f5ef47dd64060ed627f05b548dd5b9e1880a80772e22e,15722597,1665463895,0x2dc5c356b58b4cbb03c8aa0a89eff7cd5adc93c3,0xe892875b87b94c44edf0e91ee9f49d0525fadd83,0.002000000000000000,NULL,0x,0
19,0xa6f57b3dd270fff1faf2715c82cffebae3d7a4a1d7678382cb0e8503c3998985,15722602,1665463955,0xe892875b87b94c44edf0e91ee9f49d0525fadd83,0x06450dee7fd2fb8e39061434babcfc05599a6fb8,0E-18,NULL,0xa9059cbb0000000000000000000000002dc5c356b58b4cbb03c8aa0a89eff7cd5adc93c3000000000000000000000000000000000000000000000c3f143978ee96a00000,0
20,0xdde5138ecfdc6753b7f7c931e1697684bd14da8a0bd2e68a64a19600e13cf66e,15722605,1665463991,0xe892875b87b94c44edf0e91ee9f49d0525fadd83,0x0c656b87191609f7474c9924e87f3987662e8cc6,0.001941369340824124,NULL,0x,0
21,0x7c98ddbd9863dab0300e9346165abfe0f1edd0e7196197ff3162ac4fc59c765f,16110308,1670143151,0x3267f1b9e8e30c0b39bcfe82b05c7e5bed3efc61,0xe892875b87b94c44edf0e91ee9f49d0525fadd83,0.018205470422370030,NULL,0x,0
22,0xda3604c36d571845339769b21e8baa042841d4be45d945fe8fa2cbd61127a85d,16110323,1670143331,0xe892875b87b94c44edf0e91ee9f49d0525fadd83,0x7492e30d60d96c58ed0f0dc2fe536098c620c4c0,0E-18,NULL,0xefef39a10000000000000000000000000000000000000000000000000000000000000001,0
23,0x679b5f893919cef7a632c6804cba541eef4f526c820993dfbab3ea06d3fcd1d5,16110327,1670143379,0xe892875b87b94c44edf0e91ee9f49d0525fadd83,0x7492e30d60d96c58ed0f0dc2fe536098c620c4c0,0E-18,NULL,0x42842e0e000000000000000000000000e892875b87b94c44edf0e91ee9f49d0525fadd830000000000000000000000002dc5c356b58b4cbb03c8aa0a89eff7cd5adc93c30000000000000000000000000000000000000000000000000000000000008b1c360c6ebe,0
24,0xa7ed1044b8adbc8d596ebf218ec5f975752aa341181710ded137b8ea149f945d,16110330,1670143415,0xe892875b87b94c44edf0e91ee9f49d0525fadd83,0x0c656b87191609f7474c9924e87f3987662e8cc6,0.016108921882107642,NULL,0x,0
25,0x9f3d3e66ccd651bd682f2fab29302d94a3e208f9960a3876a5bfce108d8a33bf,16116159,1670213867,0x0c656b87191609f7474c9924e87f3987662e8cc6,0xe892875b87b94c44edf0e91ee9f49d0525fadd83,0.277266120397188188,NULL,0x,0
26,0xdfe2cd008e65cf5253ebc88fd766ea868b4ea171b7ca1305aed7b8f707e9050a,16116164,1670213927,0xe892875b87b94c44edf0e91ee9f49d0525fadd83,0x6bb204870617784397da68e46aefa49ebfda5a85,0E-18,NULL,0x98a6e993000000000000000000000000000000000000000000000000000000000000004000000000000000000000000000000000000000000000000000000000000001e0000000000000000000000000e892875b87b94c44edf0e91ee9f49d0525fadd830000000000000000000000000000000000000000000000000000000000000000000000000000000000000000000000000000000000000000000000000000000000000000000000000000000000000000000000000000000000000000000000000000000000000000000000000000000000000000000000000000000000000000000000000000000000000000000000000000000000000000000000000000018000000000000000000000000000000000000000000000000000000000000000010000000000000000000000000000000000000000000000000000000000000000000000000000000000000000eeeeeeeeeeeeeeeeeeeeeeeeeeeeeeeeeeeeeeee0000000000000000000000000000000000000000000000000000000000000000000000000000000000000000000000000000000000000000000000007654dbdd4bb992cf1b9f8b662a8dcc446a065b586ec066cd5e2edaf88724a00ed3f20c290000000000000000000000000000000000000000000000000000000000000000000000000000000000000000000000000000000000000000000000000000004159a93a79421fa391175ae81ab1a89b0d573ea04e81d06402418355bd70d6d0fe17377af42dfb9ee4b75f6590bf04e2b5bcf0e71489e8151307083d73d498fd6b1b00000000000000000000000000000000000000000000000000000000000000,0
27,0x8e6588d0d9e8efe5346e9ff1639377e4870b567073db122c76369e66930ed017,16116166,1670213951,0xe892875b87b94c44edf0e91ee9f49d0525fadd83,0x6bb204870617784397da68e46aefa49ebfda5a85,0E-18,NULL,0xf242432a000000000000000000000000e892875b87b94c44edf0e91ee9f49d0525fadd830000000000000000000000002dc5c356b58b4cbb03c8aa0a89eff7cd5adc93c30000000000000000000000000000000000000000000000000000000000000000000000000000000000000000000000000000000000000000000000000000000100000000000000000000000000000000000000000000000000000000000000a000000000000000000000000000000000000000000000000000000000000000000000000000000000000000000000000000000000000000000000000000000000360c6ebe,0
28,0x9762e811714de8a89973ff1b334051b46e79969396c07d2c59873374543cac50,16116320,1670215799,0xe892875b87b94c44edf0e91ee9f49d0525fadd83,0x5770c6e6650324a6d8a041bdb6385014c7131a64,0.274755553921712646,NULL,0x,0
